dataset,frame_id,degradation_type,intensity_level,parameter_value,parameter_unit,n_points,pts_in_fov,pts_in_fov_pct,pts_car,pts_ped,pts_cyc,starved_objects,health_score,health_status,latency_ms
synthetic,000000,Random Dropout,1,1.00,keep_ratio,23953,3910,16.32,443,202,0,0,93.07,HEALTHY,11.84
synthetic,000000,Random Dropout,2,0.80,keep_ratio,19189,3163,16.48,364,170,0,0,83.61,HEALTHY,9.07
synthetic,000000,Random Dropout,3,0.60,keep_ratio,14292,2369,16.58,261,125,0,0,73.80,DEGRADED,7.70
synthetic,000000,Random Dropout,4,0.40,keep_ratio,9535,1554,16.30,184,78,0,0,64.10,DEGRADED,5.72
synthetic,000000,Random Dropout,5,0.20,keep_ratio,4792,781,16.30,96,39,0,0,54.58,CRITICAL,3.89
synthetic,000000,Range Dropout,1,80.00,max_range_m,23930,3910,16.34,443,202,0,0,93.07,HEALTHY,11.14
synthetic,000000,Range Dropout,2,50.00,max_range_m,21831,3685,16.88,443,202,0,0,82.63,HEALTHY,11.36
synthetic,000000,Range Dropout,3,30.00,max_range_m,18403,3084,16.76,443,202,0,0,68.67,DEGRADED,9.84
synthetic,000000,Range Dropout,4,20.00,max_range_m,15554,2569,16.52,443,202,0,0,59.09,CRITICAL,8.08
synthetic,000000,Range Dropout,5,10.00,max_range_m,10544,1614,15.31,406,202,0,0,44.91,CRITICAL,5.83
synthetic,000000,Beam Dropout,1,1.00,keep_every,23953,3910,16.32,443,202,0,0,93.07,HEALTHY,12.27
synthetic,000000,Beam Dropout,2,2.00,keep_every,12417,1780,14.34,192,88,0,0,65.92,DEGRADED,7.24
synthetic,000000,Beam Dropout,3,4.00,keep_every,6649,826,12.42,139,34,0,0,48.08,CRITICAL,6.94
synthetic,000000,Beam Dropout,4,8.00,keep_every,3987,434,10.89,113,26,0,0,36.94,FAILURE,5.54
synthetic,000000,Beam Dropout,5,16.00,keep_every,3111,206,6.62,21,14,0,0,34.92,FAILURE,3.81
synthetic,000000,Gaussian Noise,1,0.00,sigma_m,23953,3910,16.32,443,202,0,0,93.07,HEALTHY,11.14
synthetic,000000,Gaussian Noise,2,0.02,sigma_m,23953,3910,16.32,473,144,0,0,93.07,HEALTHY,12.03
synthetic,000000,Gaussian Noise,3,0.05,sigma_m,23953,3908,16.32,489,121,0,0,93.06,HEALTHY,11.92
synthetic,000000,Gaussian Noise,4,0.10,sigma_m,23953,3905,16.30,488,106,0,0,93.05,HEALTHY,11.63
synthetic,000000,Gaussian Noise,5,0.20,sigma_m,23953,3889,16.24,457,76,0,0,93.00,HEALTHY,12.06
synthetic,000000,Calibration Drift,1,0.00,yaw_deg,23953,3910,16.32,443,202,0,0,93.07,HEALTHY,10.87
synthetic,000000,Calibration Drift,2,0.50,yaw_deg,23953,3928,16.40,438,115,0,0,93.13,HEALTHY,10.98
synthetic,000000,Calibration Drift,3,1.00,yaw_deg,23953,3935,16.43,434,112,0,0,93.16,HEALTHY,11.35
synthetic,000000,Calibration Drift,4,2.00,yaw_deg,23953,3956,16.52,421,98,0,0,93.23,HEALTHY,10.68
synthetic,000000,Calibration Drift,5,3.00,yaw_deg,23953,3996,16.68,400,82,0,0,93.36,HEALTHY,10.75
synthetic,000001,Random Dropout,1,1.00,keep_ratio,23781,3808,16.01,187,112,0,0,92.82,HEALTHY,10.77
synthetic,000001,Random Dropout,2,0.80,keep_ratio,19046,3053,16.03,146,88,0,0,83.31,HEALTHY,9.21
synthetic,000001,Random Dropout,3,0.60,keep_ratio,14177,2258,15.93,110,64,0,0,73.39,DEGRADED,7.37
synthetic,000001,Random Dropout,4,0.40,keep_ratio,9466,1487,15.71,72,45,0,0,63.78,DEGRADED,5.24
synthetic,000001,Random Dropout,5,0.20,keep_ratio,4757,776,16.31,44,22,0,0,54.24,CRITICAL,3.73
synthetic,000001,Range Dropout,1,80.00,max_range_m,23758,3808,16.03,187,112,0,0,92.82,HEALTHY,10.78
synthetic,000001,Range Dropout,2,50.00,max_range_m,21562,3514,16.30,187,112,0,0,81.80,HEALTHY,10.42
synthetic,000001,Range Dropout,3,30.00,max_range_m,18084,2814,15.56,187,112,0,0,67.49,DEGRADED,9.26
synthetic,000001,Range Dropout,4,20.00,max_range_m,15245,2243,14.71,187,112,0,0,57.72,CRITICAL,8.06
synthetic,000001,Range Dropout,5,10.00,max_range_m,9620,709,7.37,13,112,0,0,40.60,CRITICAL,5.33
synthetic,000001,Beam Dropout,1,1.00,keep_every,23781,3808,16.01,187,112,0,0,92.82,HEALTHY,11.58
synthetic,000001,Beam Dropout,2,2.00,keep_every,12364,1825,14.76,123,56,0,0,65.89,DEGRADED,7.04
synthetic,000001,Beam Dropout,3,4.00,keep_every,6755,944,13.97,102,26,0,0,48.45,CRITICAL,4.85
synthetic,000001,Beam Dropout,4,8.00,keep_every,4129,514,12.45,93,14,0,0,37.37,FAILURE,4.05
synthetic,000001,Beam Dropout,5,16.00,keep_every,3077,177,5.75,3,8,0,1,34.74,FAILURE,3.81
synthetic,000001,Gaussian Noise,1,0.00,sigma_m,23781,3808,16.01,187,112,0,0,92.82,HEALTHY,11.09
synthetic,000001,Gaussian Noise,2,0.02,sigma_m,23781,3810,16.02,225,78,0,0,92.83,HEALTHY,11.56
synthetic,000001,Gaussian Noise,3,0.05,sigma_m,23781,3810,16.02,225,70,0,0,92.83,HEALTHY,11.72
synthetic,000001,Gaussian Noise,4,0.10,sigma_m,23781,3819,16.06,219,62,0,0,92.86,HEALTHY,11.78
synthetic,000001,Gaussian Noise,5,0.20,sigma_m,23781,3830,16.11,206,50,0,0,92.89,HEALTHY,11.66
synthetic,000001,Calibration Drift,1,0.00,yaw_deg,23781,3808,16.01,187,112,0,0,92.82,HEALTHY,10.68
synthetic,000001,Calibration Drift,2,0.50,yaw_deg,23781,3836,16.13,193,53,0,0,92.92,HEALTHY,10.41
synthetic,000001,Calibration Drift,3,1.00,yaw_deg,23781,3857,16.22,189,48,0,0,92.99,HEALTHY,10.78
synthetic,000001,Calibration Drift,4,2.00,yaw_deg,23781,3888,16.35,168,46,0,0,93.09,HEALTHY,10.50
synthetic,000001,Calibration Drift,5,3.00,yaw_deg,23781,3929,16.52,168,39,0,0,93.23,HEALTHY,11.57
synthetic,000002,Random Dropout,1,1.00,keep_ratio,23790,3862,16.23,96,75,0,0,93.00,HEALTHY,11.65
synthetic,000002,Random Dropout,2,0.80,keep_ratio,19053,3078,16.15,77,62,0,0,83.39,HEALTHY,9.85
synthetic,000002,Random Dropout,3,0.60,keep_ratio,14183,2293,16.17,57,51,0,0,73.59,DEGRADED,7.20
synthetic,000002,Random Dropout,4,0.40,keep_ratio,9470,1534,16.20,43,36,0,0,64.10,DEGRADED,5.26
synthetic,000002,Random Dropout,5,0.20,keep_ratio,4760,755,15.86,23,14,0,0,54.55,CRITICAL,3.58
synthetic,000002,Range Dropout,1,80.00,max_range_m,23767,3862,16.25,96,75,0,0,93.00,HEALTHY,11.48
synthetic,000002,Range Dropout,2,50.00,max_range_m,21613,3518,16.28,96,75,0,0,81.87,HEALTHY,10.68
synthetic,000002,Range Dropout,3,30.00,max_range_m,18018,2775,15.40,96,75,0,0,67.23,DEGRADED,9.36
synthetic,000002,Range Dropout,4,20.00,max_range_m,15140,2167,14.31,89,75,0,0,57.37,CRITICAL,8.41
synthetic,000002,Range Dropout,5,10.00,max_range_m,9536,651,6.83,0,0,0,2,40.29,CRITICAL,5.56
synthetic,000002,Beam Dropout,1,1.00,keep_every,23790,3862,16.23,96,75,0,0,93.00,HEALTHY,12.00
synthetic,000002,Beam Dropout,2,2.00,keep_every,12206,1689,13.84,21,43,0,0,65.23,DEGRADED,7.20
synthetic,000002,Beam Dropout,3,4.00,keep_every,6658,773,11.61,14,20,0,0,47.89,CRITICAL,4.98
synthetic,000002,Beam Dropout,4,8.00,keep_every,3894,342,8.78,7,14,0,0,36.45,FAILURE,4.18
synthetic,000002,Beam Dropout,5,16.00,keep_every,3021,178,5.89,2,7,0,1,34.65,FAILURE,3.71
synthetic,000002,Gaussian Noise,1,0.00,sigma_m,23790,3862,16.23,96,75,0,0,93.00,HEALTHY,11.97
synthetic,000002,Gaussian Noise,2,0.02,sigma_m,23790,3865,16.25,102,53,0,0,93.01,HEALTHY,12.59
synthetic,000002,Gaussian Noise,3,0.05,sigma_m,23790,3872,16.28,103,50,0,0,93.03,HEALTHY,12.09
synthetic,000002,Gaussian Noise,4,0.10,sigma_m,23790,3877,16.30,98,47,0,0,93.05,HEALTHY,12.12
synthetic,000002,Gaussian Noise,5,0.20,sigma_m,23790,3884,16.33,89,36,0,0,93.07,HEALTHY,12.06
synthetic,000002,Calibration Drift,1,0.00,yaw_deg,23790,3862,16.23,96,75,0,0,93.00,HEALTHY,11.31
synthetic,000002,Calibration Drift,2,0.50,yaw_deg,23790,3880,16.31,91,35,0,0,93.06,HEALTHY,12.07
synthetic,000002,Calibration Drift,3,1.00,yaw_deg,23790,3888,16.34,86,31,0,0,93.09,HEALTHY,13.03
synthetic,000002,Calibration Drift,4,2.00,yaw_deg,23790,3914,16.45,70,29,0,0,93.17,HEALTHY,13.23
synthetic,000002,Calibration Drift,5,3.00,yaw_deg,23790,3934,16.54,61,27,0,0,93.24,HEALTHY,13.24
synthetic,000003,Random Dropout,1,1.00,keep_ratio,22063,2593,11.75,39,55,0,0,89.41,HEALTHY,10.48
synthetic,000003,Random Dropout,2,0.80,keep_ratio,17662,2069,11.71,33,41,0,0,80.53,HEALTHY,11.63
synthetic,000003,Random Dropout,3,0.60,keep_ratio,13146,1550,11.79,22,34,0,0,71.48,DEGRADED,6.27
synthetic,000003,Random Dropout,4,0.40,keep_ratio,8771,1049,11.96,17,22,0,0,62.72,DEGRADED,5.46
synthetic,000003,Random Dropout,5,0.20,keep_ratio,4420,535,12.10,11,12,0,0,53.96,CRITICAL,3.21
synthetic,000003,Range Dropout,1,80.00,max_range_m,22041,2593,11.76,39,55,0,0,89.41,HEALTHY,10.70
synthetic,000003,Range Dropout,2,50.00,max_range_m,20014,2394,11.96,39,55,0,0,78.75,HEALTHY,10.32
synthetic,000003,Range Dropout,3,30.00,max_range_m,16685,1885,11.30,39,55,0,0,64.70,DEGRADED,8.85
synthetic,000003,Range Dropout,4,20.00,max_range_m,13849,1375,9.93,0,55,0,1,54.73,CRITICAL,6.67
synthetic,000003,Range Dropout,5,10.00,max_range_m,8853,434,4.90,0,0,0,2,39.67,FAILURE,5.45
synthetic,000003,Beam Dropout,1,1.00,keep_every,22063,2593,11.75,39,55,0,0,89.41,HEALTHY,11.28
synthetic,000003,Beam Dropout,2,2.00,keep_every,11480,1180,10.28,31,34,0,0,64.05,DEGRADED,6.55
synthetic,000003,Beam Dropout,3,4.00,keep_every,6170,524,8.49,2,20,0,1,47.07,CRITICAL,4.61
synthetic,000003,Beam Dropout,4,8.00,keep_every,3648,249,6.83,2,13,0,1,36.28,FAILURE,3.75
synthetic,000003,Beam Dropout,5,16.00,keep_every,2865,124,4.33,0,7,0,1,34.59,FAILURE,3.42
synthetic,000003,Gaussian Noise,1,0.00,sigma_m,22063,2593,11.75,39,55,0,0,89.41,HEALTHY,11.23
synthetic,000003,Gaussian Noise,2,0.02,sigma_m,22063,2588,11.73,42,30,0,0,89.39,HEALTHY,11.39
synthetic,000003,Gaussian Noise,3,0.05,sigma_m,22063,2593,11.75,40,27,0,0,89.41,HEALTHY,11.19
synthetic,000003,Gaussian Noise,4,0.10,sigma_m,22063,2599,11.78,37,24,0,0,89.43,HEALTHY,11.19
synthetic,000003,Gaussian Noise,5,0.20,sigma_m,22063,2613,11.84,37,21,0,0,89.48,HEALTHY,11.37
synthetic,000003,Calibration Drift,1,0.00,yaw_deg,22063,2593,11.75,39,55,0,0,89.41,HEALTHY,10.06
synthetic,000003,Calibration Drift,2,0.50,yaw_deg,22063,2586,11.72,24,28,0,0,89.39,HEALTHY,10.47
synthetic,000003,Calibration Drift,3,1.00,yaw_deg,22063,2600,11.78,19,26,0,0,89.44,HEALTHY,10.14
synthetic,000003,Calibration Drift,4,2.00,yaw_deg,22063,2622,11.88,9,24,0,0,89.52,HEALTHY,10.63
synthetic,000003,Calibration Drift,5,3.00,yaw_deg,22063,2661,12.06,4,3,0,1,89.66,HEALTHY,10.34
synthetic,000004,Random Dropout,1,1.00,keep_ratio,23760,3853,16.22,28,40,0,0,92.99,HEALTHY,11.64
synthetic,000004,Random Dropout,2,0.80,keep_ratio,19027,3093,16.26,22,34,0,0,83.36,HEALTHY,11.60
synthetic,000004,Random Dropout,3,0.60,keep_ratio,14160,2279,16.09,16,25,0,0,73.52,DEGRADED,9.42
synthetic,000004,Random Dropout,4,0.40,keep_ratio,9453,1495,15.82,11,17,0,0,63.92,DEGRADED,6.38
synthetic,000004,Random Dropout,5,0.20,keep_ratio,4750,762,16.04,6,6,0,0,54.52,CRITICAL,3.73
synthetic,000004,Range Dropout,1,80.00,max_range_m,23737,3853,16.23,28,40,0,0,92.99,HEALTHY,11.71
synthetic,000004,Range Dropout,2,50.00,max_range_m,21485,3481,16.20,28,40,0,0,81.59,HEALTHY,10.86
synthetic,000004,Range Dropout,3,30.00,max_range_m,17862,2651,14.84,0,40,0,1,66.59,DEGRADED,9.38
synthetic,000004,Range Dropout,4,20.00,max_range_m,14909,1952,13.09,0,40,0,1,56.28,CRITICAL,8.57
synthetic,000004,Range Dropout,5,10.00,max_range_m,9462,582,6.15,0,0,0,2,39.93,FAILURE,5.38
synthetic,000004,Beam Dropout,1,1.00,keep_every,23760,3853,16.22,28,40,0,0,92.99,HEALTHY,12.05
synthetic,000004,Beam Dropout,2,2.00,keep_every,12314,1793,14.56,20,18,0,0,65.96,DEGRADED,7.25
synthetic,000004,Beam Dropout,3,4.00,keep_every,6633,815,12.29,5,10,0,0,47.89,CRITICAL,4.71
synthetic,000004,Beam Dropout,4,8.00,keep_every,3988,381,9.55,2,8,0,1,36.71,FAILURE,4.72
synthetic,000004,Beam Dropout,5,16.00,keep_every,3087,208,6.74,0,6,0,1,34.82,FAILURE,3.84
synthetic,000004,Gaussian Noise,1,0.00,sigma_m,23760,3853,16.22,28,40,0,0,92.99,HEALTHY,13.53
synthetic,000004,Gaussian Noise,2,0.02,sigma_m,23760,3858,16.24,29,30,0,0,93.00,HEALTHY,12.73
synthetic,000004,Gaussian Noise,3,0.05,sigma_m,23760,3868,16.28,30,24,0,0,93.03,HEALTHY,13.16
synthetic,000004,Gaussian Noise,4,0.10,sigma_m,23760,3867,16.28,24,21,0,0,93.03,HEALTHY,11.86
synthetic,000004,Gaussian Noise,5,0.20,sigma_m,23760,3876,16.31,23,14,0,0,93.05,HEALTHY,12.24
synthetic,000004,Calibration Drift,1,0.00,yaw_deg,23760,3853,16.22,28,40,0,0,92.99,HEALTHY,10.65
synthetic,000004,Calibration Drift,2,0.50,yaw_deg,23760,3871,16.29,16,21,0,0,93.05,HEALTHY,11.14
synthetic,000004,Calibration Drift,3,1.00,yaw_deg,23760,3883,16.34,12,20,0,0,93.09,HEALTHY,10.71
synthetic,000004,Calibration Drift,4,2.00,yaw_deg,23760,3907,16.44,8,21,0,0,93.17,HEALTHY,11.13
synthetic,000004,Calibration Drift,5,3.00,yaw_deg,23760,3947,16.61,2,2,0,2,93.30,HEALTHY,10.64
kitti_mini,000001,Random Dropout,1,1.00,keep_ratio,120268,18630,15.49,79,0,18,0,92.39,HEALTHY,73.80
kitti_mini,000001,Random Dropout,2,0.80,keep_ratio,96259,14906,15.49,63,0,17,0,82.93,HEALTHY,58.45
kitti_mini,000001,Random Dropout,3,0.60,keep_ratio,72037,11198,15.54,43,0,12,1,73.34,DEGRADED,48.92
kitti_mini,000001,Random Dropout,4,0.40,keep_ratio,47883,7472,15.60,26,0,9,1,63.90,DEGRADED,35.36
kitti_mini,000001,Random Dropout,5,0.20,keep_ratio,23933,3729,15.58,15,0,7,1,54.28,CRITICAL,19.84
kitti_mini,000001,Range Dropout,1,80.00,max_range_m,120268,18630,15.49,79,0,18,0,92.39,HEALTHY,75.47
kitti_mini,000001,Range Dropout,2,50.00,max_range_m,118600,18036,15.21,0,0,18,2,90.03,HEALTHY,70.63
kitti_mini,000001,Range Dropout,3,30.00,max_range_m,106295,15775,14.84,0,0,0,3,79.43,HEALTHY,62.20
kitti_mini,000001,Range Dropout,4,20.00,max_range_m,94125,13133,13.95,0,0,0,3,67.71,DEGRADED,58.76
kitti_mini,000001,Range Dropout,5,10.00,max_range_m,62793,5338,8.50,0,0,0,3,48.40,CRITICAL,42.83
kitti_mini,000001,Beam Dropout,1,1.00,keep_every,120268,18630,15.49,79,0,18,0,92.39,HEALTHY,70.72
kitti_mini,000001,Beam Dropout,2,2.00,keep_every,58875,9762,16.58,39,0,8,0,67.68,DEGRADED,41.82
kitti_mini,000001,Beam Dropout,3,4.00,keep_every,28770,4940,17.17,22,0,5,0,55.68,CRITICAL,23.44
kitti_mini,000001,Beam Dropout,4,8.00,keep_every,13541,2281,16.85,9,0,1,2,49.86,CRITICAL,17.58
kitti_mini,000001,Beam Dropout,5,16.00,keep_every,6026,1215,20.16,0,0,0,3,45.20,CRITICAL,15.37
kitti_mini,000001,Gaussian Noise,1,0.00,sigma_m,120268,18630,15.49,79,0,18,0,92.39,HEALTHY,67.82
kitti_mini,000001,Gaussian Noise,2,0.02,sigma_m,120268,18688,15.54,78,0,18,0,92.43,HEALTHY,68.58
kitti_mini,000001,Gaussian Noise,3,0.05,sigma_m,120268,18726,15.57,78,0,18,0,92.46,HEALTHY,78.91
kitti_mini,000001,Gaussian Noise,4,0.10,sigma_m,120268,18758,15.60,71,0,17,0,92.48,HEALTHY,78.80
kitti_mini,000001,Gaussian Noise,5,0.20,sigma_m,120268,18898,15.71,54,0,15,0,92.57,HEALTHY,75.60
kitti_mini,000001,Calibration Drift,1,0.00,yaw_deg,120268,18630,15.49,79,0,18,0,92.39,HEALTHY,64.04
kitti_mini,000001,Calibration Drift,2,0.50,yaw_deg,120268,18629,15.49,56,0,6,0,92.39,HEALTHY,64.24
kitti_mini,000001,Calibration Drift,3,1.00,yaw_deg,120268,18630,15.49,36,0,0,2,92.39,HEALTHY,65.89
kitti_mini,000001,Calibration Drift,4,2.00,yaw_deg,120268,18633,15.49,8,0,2,2,92.39,HEALTHY,64.36
kitti_mini,000001,Calibration Drift,5,3.00,yaw_deg,120268,18635,15.49,1,0,0,3,92.40,HEALTHY,65.05
kitti_mini,000011,Random Dropout,1,1.00,keep_ratio,108004,19946,18.47,3459,307,0,0,94.77,HEALTHY,82.55
kitti_mini,000011,Random Dropout,2,0.80,keep_ratio,86432,15982,18.49,2772,250,0,0,84.85,HEALTHY,65.65
kitti_mini,000011,Random Dropout,3,0.60,keep_ratio,64611,11950,18.50,2073,180,0,0,74.76,DEGRADED,52.05
kitti_mini,000011,Random Dropout,4,0.40,keep_ratio,42936,7870,18.33,1389,120,0,0,64.73,DEGRADED,35.10
kitti_mini,000011,Random Dropout,5,0.20,keep_ratio,21437,3906,18.22,674,48,0,0,54.68,CRITICAL,18.68
kitti_mini,000011,Range Dropout,1,80.00,max_range_m,108004,19946,18.47,3459,307,0,0,94.77,HEALTHY,84.65
kitti_mini,000011,Range Dropout,2,50.00,max_range_m,106971,19435,18.17,3459,307,0,0,92.59,HEALTHY,83.06
kitti_mini,000011,Range Dropout,3,30.00,max_range_m,103211,17381,16.84,3459,267,0,1,86.25,HEALTHY,84.41
kitti_mini,000011,Range Dropout,4,20.00,max_range_m,95499,13029,13.64,3251,267,0,2,74.65,DEGRADED,73.69
kitti_mini,000011,Range Dropout,5,10.00,max_range_m,70590,4988,7.07,3251,0,0,5,54.81,CRITICAL,57.08
kitti_mini,000011,Beam Dropout,1,1.00,keep_every,108004,19946,18.47,3459,307,0,0,94.77,HEALTHY,84.54
kitti_mini,000011,Beam Dropout,2,2.00,keep_every,50708,9762,19.25,1679,149,0,0,67.84,DEGRADED,44.37
kitti_mini,000011,Beam Dropout,3,4.00,keep_every,25209,4888,19.39,802,59,0,0,55.24,CRITICAL,24.23
kitti_mini,000011,Beam Dropout,4,8.00,keep_every,12279,2250,18.32,415,36,0,1,49.45,CRITICAL,17.52
kitti_mini,000011,Beam Dropout,5,16.00,keep_every,5262,1115,21.19,181,12,0,4,40.28,CRITICAL,14.36
kitti_mini,000011,Gaussian Noise,1,0.00,sigma_m,108004,19946,18.47,3459,307,0,0,94.77,HEALTHY,87.84
kitti_mini,000011,Gaussian Noise,2,0.02,sigma_m,108004,19985,18.50,3325,304,0,0,94.80,HEALTHY,87.84
kitti_mini,000011,Gaussian Noise,3,0.05,sigma_m,108004,20001,18.52,3070,295,0,0,94.82,HEALTHY,86.28
kitti_mini,000011,Gaussian Noise,4,0.10,sigma_m,108004,20030,18.55,2764,256,0,0,94.84,HEALTHY,91.28
kitti_mini,000011,Gaussian Noise,5,0.20,sigma_m,108004,20192,18.70,2407,188,0,0,94.96,HEALTHY,103.58
kitti_mini,000011,Calibration Drift,1,0.00,yaw_deg,108004,19946,18.47,3459,307,0,0,94.77,HEALTHY,80.78
kitti_mini,000011,Calibration Drift,2,0.50,yaw_deg,108004,19946,18.47,3534,280,0,0,94.77,HEALTHY,77.74
kitti_mini,000011,Calibration Drift,3,1.00,yaw_deg,108004,19952,18.47,3508,218,0,0,94.78,HEALTHY,88.81
kitti_mini,000011,Calibration Drift,4,2.00,yaw_deg,108004,19963,18.48,3299,94,0,1,94.79,HEALTHY,79.89
kitti_mini,000011,Calibration Drift,5,3.00,yaw_deg,108004,19948,18.47,3106,24,0,1,94.78,HEALTHY,81.39
kitti_mini,000021,Random Dropout,1,1.00,keep_ratio,125260,19824,15.83,2419,0,1484,0,92.66,HEALTHY,110.39
kitti_mini,000021,Random Dropout,2,0.80,keep_ratio,100273,15893,15.85,1924,0,1207,0,83.17,HEALTHY,91.01
kitti_mini,000021,Random Dropout,3,0.60,keep_ratio,75036,11944,15.92,1451,0,911,0,73.59,DEGRADED,71.09
kitti_mini,000021,Random Dropout,4,0.40,keep_ratio,49842,7938,15.93,1005,0,617,0,64.00,DEGRADED,47.37
kitti_mini,000021,Random Dropout,5,0.20,keep_ratio,24955,3954,15.84,491,0,296,0,54.50,CRITICAL,23.40
kitti_mini,000021,Range Dropout,1,80.00,max_range_m,125260,19824,15.83,2419,0,1484,0,92.66,HEALTHY,114.39
kitti_mini,000021,Range Dropout,2,50.00,max_range_m,124090,19674,15.85,2419,0,1484,0,90.70,HEALTHY,114.17
kitti_mini,000021,Range Dropout,3,30.00,max_range_m,121567,18688,15.37,2341,0,1484,2,86.93,HEALTHY,110.90
kitti_mini,000021,Range Dropout,4,20.00,max_range_m,113994,15689,13.76,1081,0,1484,5,78.25,HEALTHY,108.42
kitti_mini,000021,Range Dropout,5,10.00,max_range_m,74399,5175,6.96,0,0,1484,7,53.57,CRITICAL,73.84
kitti_mini,000021,Beam Dropout,1,1.00,keep_every,125260,19824,15.83,2419,0,1484,0,92.66,HEALTHY,121.19
kitti_mini,000021,Beam Dropout,2,2.00,keep_every,60541,9375,15.49,1213,0,765,0,67.53,DEGRADED,64.88
kitti_mini,000021,Beam Dropout,3,4.00,keep_every,30057,5028,16.73,711,0,387,0,55.42,CRITICAL,31.04
kitti_mini,000021,Beam Dropout,4,8.00,keep_every,13751,2231,16.22,327,0,195,1,49.33,CRITICAL,21.43
kitti_mini,000021,Beam Dropout,5,16.00,keep_every,6369,1140,17.90,109,0,112,5,41.74,CRITICAL,19.91
kitti_mini,000021,Gaussian Noise,1,0.00,sigma_m,125260,19824,15.83,2419,0,1484,0,92.66,HEALTHY,117.40
kitti_mini,000021,Gaussian Noise,2,0.02,sigma_m,125260,19866,15.86,2398,0,1448,0,92.69,HEALTHY,113.69
kitti_mini,000021,Gaussian Noise,3,0.05,sigma_m,125260,19862,15.86,2330,0,1441,0,92.68,HEALTHY,115.91
kitti_mini,000021,Gaussian Noise,4,0.10,sigma_m,125260,19908,15.89,2164,0,1363,0,92.71,HEALTHY,115.81
kitti_mini,000021,Gaussian Noise,5,0.20,sigma_m,125260,20004,15.97,1857,0,1111,0,92.75,HEALTHY,115.69
kitti_mini,000021,Calibration Drift,1,0.00,yaw_deg,125260,19824,15.83,2419,0,1484,0,92.66,HEALTHY,118.30
kitti_mini,000021,Calibration Drift,2,0.50,yaw_deg,125260,19818,15.82,2339,0,1484,0,92.66,HEALTHY,109.88
kitti_mini,000021,Calibration Drift,3,1.00,yaw_deg,125260,19827,15.83,2220,0,1468,0,92.66,HEALTHY,109.14
kitti_mini,000021,Calibration Drift,4,2.00,yaw_deg,125260,19841,15.84,1917,0,1413,0,92.67,HEALTHY,109.18
kitti_mini,000021,Calibration Drift,5,3.00,yaw_deg,125260,19863,15.86,1631,0,1221,1,92.69,HEALTHY,108.19
kitti_mini,000031,Random Dropout,1,1.00,keep_ratio,121291,18896,15.58,3074,0,0,0,92.46,HEALTHY,90.76
kitti_mini,000031,Random Dropout,2,0.80,keep_ratio,97074,15156,15.61,2449,0,0,0,82.79,HEALTHY,77.94
kitti_mini,000031,Random Dropout,3,0.60,keep_ratio,72669,11367,15.64,1822,0,0,0,73.47,DEGRADED,58.76
kitti_mini,000031,Random Dropout,4,0.40,keep_ratio,48292,7559,15.65,1204,0,0,0,63.92,DEGRADED,41.11
kitti_mini,000031,Random Dropout,5,0.20,keep_ratio,24158,3811,15.78,591,0,0,0,54.48,CRITICAL,20.78
kitti_mini,000031,Range Dropout,1,80.00,max_range_m,121291,18896,15.58,3074,0,0,0,92.46,HEALTHY,91.71
kitti_mini,000031,Range Dropout,2,50.00,max_range_m,120553,18626,15.45,3042,0,0,1,90.63,HEALTHY,92.54
kitti_mini,000031,Range Dropout,3,30.00,max_range_m,115151,17038,14.80,3042,0,0,1,82.01,HEALTHY,98.28
kitti_mini,000031,Range Dropout,4,20.00,max_range_m,108202,12457,11.51,2573,0,0,3,72.87,DEGRADED,85.70
kitti_mini,000031,Range Dropout,5,10.00,max_range_m,74977,5048,6.73,991,0,0,5,52.80,CRITICAL,61.26
kitti_mini,000031,Beam Dropout,1,1.00,keep_every,121291,18896,15.58,3074,0,0,0,92.46,HEALTHY,95.39
kitti_mini,000031,Beam Dropout,2,2.00,keep_every,56968,9148,16.06,1424,0,0,0,65.64,DEGRADED,49.78
kitti_mini,000031,Beam Dropout,3,4.00,keep_every,27999,4596,16.41,847,0,0,0,52.05,CRITICAL,26.96
kitti_mini,000031,Beam Dropout,4,8.00,keep_every,12865,2279,17.71,380,0,0,0,44.93,CRITICAL,18.91
kitti_mini,000031,Beam Dropout,5,16.00,keep_every,5792,1125,19.42,192,0,0,3,39.98,FAILURE,16.21
kitti_mini,000031,Gaussian Noise,1,0.00,sigma_m,121291,18896,15.58,3074,0,0,0,92.46,HEALTHY,95.79
kitti_mini,000031,Gaussian Noise,2,0.02,sigma_m,121291,18898,15.58,3055,0,0,0,92.46,HEALTHY,95.53
kitti_mini,000031,Gaussian Noise,3,0.05,sigma_m,121291,18908,15.59,3018,0,0,0,92.45,HEALTHY,95.40
kitti_mini,000031,Gaussian Noise,4,0.10,sigma_m,121291,18954,15.63,2821,0,0,0,92.44,HEALTHY,105.92
kitti_mini,000031,Gaussian Noise,5,0.20,sigma_m,121291,19056,15.71,2455,0,0,0,92.47,HEALTHY,105.28
kitti_mini,000031,Calibration Drift,1,0.00,yaw_deg,121291,18896,15.58,3074,0,0,0,92.46,HEALTHY,91.92
kitti_mini,000031,Calibration Drift,2,0.50,yaw_deg,121291,18877,15.56,2862,0,0,0,92.45,HEALTHY,89.39
kitti_mini,000031,Calibration Drift,3,1.00,yaw_deg,121291,18837,15.53,2529,0,0,0,92.42,HEALTHY,89.35
kitti_mini,000031,Calibration Drift,4,2.00,yaw_deg,121291,18783,15.49,2047,0,0,0,92.39,HEALTHY,97.07
kitti_mini,000031,Calibration Drift,5,3.00,yaw_deg,121291,18731,15.44,1683,0,0,1,92.35,HEALTHY,89.21
nuscenes_mini_subset,scene-0103_010,Random Dropout,1,1.00,keep_ratio,34720,3120,8.99,354,14,5,7,87.19,HEALTHY,36.33
nuscenes_mini_subset,scene-0103_010,Random Dropout,2,0.80,keep_ratio,27833,2524,9.07,287,11,5,8,78.87,HEALTHY,28.81
nuscenes_mini_subset,scene-0103_010,Random Dropout,3,0.60,keep_ratio,20732,1886,9.10,213,9,4,8,70.24,DEGRADED,24.79
nuscenes_mini_subset,scene-0103_010,Random Dropout,4,0.40,keep_ratio,13824,1261,9.12,146,9,3,10,61.84,DEGRADED,17.89
nuscenes_mini_subset,scene-0103_010,Random Dropout,5,0.20,keep_ratio,6921,626,9.04,67,5,3,11,53.42,CRITICAL,9.48
nuscenes_mini_subset,scene-0103_010,Range Dropout,1,80.00,max_range_m,34718,3119,8.98,354,14,5,7,87.16,HEALTHY,35.60
nuscenes_mini_subset,scene-0103_010,Range Dropout,2,50.00,max_range_m,34304,2941,8.57,350,14,0,9,83.34,HEALTHY,38.35
nuscenes_mini_subset,scene-0103_010,Range Dropout,3,30.00,max_range_m,32911,2366,7.19,342,9,0,10,76.23,HEALTHY,35.20
nuscenes_mini_subset,scene-0103_010,Range Dropout,4,20.00,max_range_m,30187,1726,5.72,255,0,0,14,68.09,DEGRADED,32.29
nuscenes_mini_subset,scene-0103_010,Range Dropout,5,10.00,max_range_m,22646,1050,4.64,137,0,0,14,52.72,CRITICAL,24.28
nuscenes_mini_subset,scene-0103_010,Beam Dropout,1,1.00,keep_every,34720,3120,8.99,354,14,5,7,87.19,HEALTHY,47.05
nuscenes_mini_subset,scene-0103_010,Beam Dropout,2,2.00,keep_every,15360,1055,6.87,153,7,5,10,57.31,CRITICAL,19.05
nuscenes_mini_subset,scene-0103_010,Beam Dropout,3,4.00,keep_every,10095,504,4.99,58,0,0,14,47.52,CRITICAL,13.83
nuscenes_mini_subset,scene-0103_010,Beam Dropout,4,8.00,keep_every,7958,174,2.19,35,0,0,14,41.78,CRITICAL,11.01
nuscenes_mini_subset,scene-0103_010,Beam Dropout,5,16.00,keep_every,6025,174,2.89,35,0,0,14,32.68,FAILURE,9.33
nuscenes_mini_subset,scene-0103_010,Gaussian Noise,1,0.00,sigma_m,34720,3120,8.99,354,14,5,7,87.19,HEALTHY,52.36
nuscenes_mini_subset,scene-0103_010,Gaussian Noise,2,0.02,sigma_m,34720,3121,8.99,352,14,5,7,87.18,HEALTHY,46.75
nuscenes_mini_subset,scene-0103_010,Gaussian Noise,3,0.05,sigma_m,34720,3132,9.02,355,14,5,7,87.22,HEALTHY,37.75
nuscenes_mini_subset,scene-0103_010,Gaussian Noise,4,0.10,sigma_m,34720,3131,9.02,346,13,4,7,87.20,HEALTHY,37.15
nuscenes_mini_subset,scene-0103_010,Gaussian Noise,5,0.20,sigma_m,34720,3169,9.13,310,8,4,7,87.29,HEALTHY,46.62
nuscenes_mini_subset,scene-0103_010,Calibration Drift,1,0.00,yaw_deg,34720,3120,8.99,354,14,5,7,87.19,HEALTHY,42.97
nuscenes_mini_subset,scene-0103_010,Calibration Drift,2,0.50,yaw_deg,34720,3126,9.00,336,20,4,8,87.20,HEALTHY,37.77
nuscenes_mini_subset,scene-0103_010,Calibration Drift,3,1.00,yaw_deg,34720,3125,9.00,321,17,4,8,87.20,HEALTHY,35.89
nuscenes_mini_subset,scene-0103_010,Calibration Drift,4,2.00,yaw_deg,34720,3126,9.00,288,20,0,10,87.20,HEALTHY,40.94
nuscenes_mini_subset,scene-0103_010,Calibration Drift,5,3.00,yaw_deg,34720,3133,9.02,263,7,0,11,87.22,HEALTHY,39.60
nuscenes_mini_subset,scene-0103_020,Random Dropout,1,1.00,keep_ratio,34752,2990,8.60,849,6,8,18,86.88,HEALTHY,52.12
nuscenes_mini_subset,scene-0103_020,Random Dropout,2,0.80,keep_ratio,27859,2408,8.64,694,3,4,19,78.60,HEALTHY,41.63
nuscenes_mini_subset,scene-0103_020,Random Dropout,3,0.60,keep_ratio,20754,1800,8.67,517,2,3,21,70.05,DEGRADED,32.36
nuscenes_mini_subset,scene-0103_020,Random Dropout,4,0.40,keep_ratio,13835,1208,8.73,355,1,3,21,61.71,DEGRADED,22.31
nuscenes_mini_subset,scene-0103_020,Random Dropout,5,0.20,keep_ratio,6925,596,8.61,182,1,1,22,53.35,CRITICAL,13.07
nuscenes_mini_subset,scene-0103_020,Range Dropout,1,80.00,max_range_m,34749,2989,8.60,849,6,8,18,86.86,HEALTHY,54.95
nuscenes_mini_subset,scene-0103_020,Range Dropout,2,50.00,max_range_m,34305,2716,7.92,839,3,8,19,83.03,HEALTHY,55.59
nuscenes_mini_subset,scene-0103_020,Range Dropout,3,30.00,max_range_m,32716,2362,7.22,825,3,0,22,75.12,HEALTHY,49.98
nuscenes_mini_subset,scene-0103_020,Range Dropout,4,20.00,max_range_m,30290,1815,5.99,802,0,0,22,67.04,DEGRADED,46.26
nuscenes_mini_subset,scene-0103_020,Range Dropout,5,10.00,max_range_m,20962,1019,4.86,661,0,0,25,50.52,CRITICAL,32.52
nuscenes_mini_subset,scene-0103_020,Beam Dropout,1,1.00,keep_every,34752,2990,8.60,849,6,8,18,86.88,HEALTHY,66.78
nuscenes_mini_subset,scene-0103_020,Beam Dropout,2,2.00,keep_every,16215,1233,7.60,437,6,2,21,58.01,CRITICAL,33.36
nuscenes_mini_subset,scene-0103_020,Beam Dropout,3,4.00,keep_every,10992,776,7.06,275,0,0,22,49.85,CRITICAL,19.88
nuscenes_mini_subset,scene-0103_020,Beam Dropout,4,8.00,keep_every,8828,318,3.60,61,0,0,23,43.57,CRITICAL,16.29
nuscenes_mini_subset,scene-0103_020,Beam Dropout,5,16.00,keep_every,5540,0,0.00,0,0,0,26,28.62,FAILURE,11.98
nuscenes_mini_subset,scene-0103_020,Gaussian Noise,1,0.00,sigma_m,34752,2990,8.60,849,6,8,18,86.88,HEALTHY,64.95
nuscenes_mini_subset,scene-0103_020,Gaussian Noise,2,0.02,sigma_m,34752,2998,8.63,834,6,8,18,86.90,HEALTHY,59.23
nuscenes_mini_subset,scene-0103_020,Gaussian Noise,3,0.05,sigma_m,34752,3005,8.65,824,6,9,18,86.91,HEALTHY,57.87
nuscenes_mini_subset,scene-0103_020,Gaussian Noise,4,0.10,sigma_m,34752,3009,8.66,785,6,8,18,86.92,HEALTHY,62.80
nuscenes_mini_subset,scene-0103_020,Gaussian Noise,5,0.20,sigma_m,34752,3047,8.77,693,4,7,18,86.96,HEALTHY,55.99
nuscenes_mini_subset,scene-0103_020,Calibration Drift,1,0.00,yaw_deg,34752,2990,8.60,849,6,8,18,86.88,HEALTHY,52.50
nuscenes_mini_subset,scene-0103_020,Calibration Drift,2,0.50,yaw_deg,34752,2982,8.58,834,3,8,19,86.86,HEALTHY,54.28
nuscenes_mini_subset,scene-0103_020,Calibration Drift,3,1.00,yaw_deg,34752,2973,8.55,752,1,8,19,86.84,HEALTHY,52.76
nuscenes_mini_subset,scene-0103_020,Calibration Drift,4,2.00,yaw_deg,34752,2965,8.53,554,0,4,20,86.83,HEALTHY,52.79
nuscenes_mini_subset,scene-0103_020,Calibration Drift,5,3.00,yaw_deg,34752,2960,8.52,481,0,0,21,86.81,HEALTHY,52.75
nuscenes_mini_subset,scene-1094_010,Random Dropout,1,1.00,keep_ratio,34688,3592,10.36,606,72,5,5,88.28,HEALTHY,40.64
nuscenes_mini_subset,scene-1094_010,Random Dropout,2,0.80,keep_ratio,27810,2902,10.44,491,57,4,5,79.75,HEALTHY,30.09
nuscenes_mini_subset,scene-1094_010,Random Dropout,3,0.60,keep_ratio,20716,2182,10.53,366,44,3,8,70.84,DEGRADED,23.56
nuscenes_mini_subset,scene-1094_010,Random Dropout,4,0.40,keep_ratio,13814,1461,10.58,234,24,1,9,62.26,DEGRADED,15.36
nuscenes_mini_subset,scene-1094_010,Random Dropout,5,0.20,keep_ratio,6915,725,10.48,124,8,0,12,53.65,CRITICAL,10.36
nuscenes_mini_subset,scene-1094_010,Range Dropout,1,80.00,max_range_m,34619,3592,10.38,606,72,5,5,88.05,HEALTHY,40.33
nuscenes_mini_subset,scene-1094_010,Range Dropout,2,50.00,max_range_m,34205,3550,10.38,606,72,5,5,86.38,HEALTHY,37.68
nuscenes_mini_subset,scene-1094_010,Range Dropout,3,30.00,max_range_m,31102,2779,8.94,606,71,5,5,74.79,DEGRADED,33.98
nuscenes_mini_subset,scene-1094_010,Range Dropout,4,20.00,max_range_m,28046,1677,5.98,435,49,0,11,62.84,DEGRADED,30.96
nuscenes_mini_subset,scene-1094_010,Range Dropout,5,10.00,max_range_m,22217,1032,4.65,395,0,0,15,50.82,CRITICAL,26.71
nuscenes_mini_subset,scene-1094_010,Beam Dropout,1,1.00,keep_every,34688,3592,10.36,606,72,5,5,88.28,HEALTHY,38.42
nuscenes_mini_subset,scene-1094_010,Beam Dropout,2,2.00,keep_every,20224,1328,6.57,310,41,5,6,62.11,DEGRADED,24.32
nuscenes_mini_subset,scene-1094_010,Beam Dropout,3,4.00,keep_every,10464,818,7.82,170,30,5,7,50.77,CRITICAL,14.22
nuscenes_mini_subset,scene-1094_010,Beam Dropout,4,8.00,keep_every,8254,330,4.00,72,19,5,10,47.13,CRITICAL,11.36
nuscenes_mini_subset,scene-1094_010,Beam Dropout,5,16.00,keep_every,5220,0,0.00,0,0,0,16,27.84,FAILURE,8.57
nuscenes_mini_subset,scene-1094_010,Gaussian Noise,1,0.00,sigma_m,34688,3592,10.36,606,72,5,5,88.28,HEALTHY,38.23
nuscenes_mini_subset,scene-1094_010,Gaussian Noise,2,0.02,sigma_m,34688,3588,10.34,596,74,5,5,88.27,HEALTHY,38.30
nuscenes_mini_subset,scene-1094_010,Gaussian Noise,3,0.05,sigma_m,34688,3588,10.34,561,71,5,5,88.27,HEALTHY,41.53
nuscenes_mini_subset,scene-1094_010,Gaussian Noise,4,0.10,sigma_m,34688,3604,10.39,515,65,5,6,88.31,HEALTHY,39.27
nuscenes_mini_subset,scene-1094_010,Gaussian Noise,5,0.20,sigma_m,34688,3656,10.54,443,51,5,7,88.43,HEALTHY,38.01
nuscenes_mini_subset,scene-1094_010,Calibration Drift,1,0.00,yaw_deg,34688,3592,10.36,606,72,5,5,88.28,HEALTHY,37.63
nuscenes_mini_subset,scene-1094_010,Calibration Drift,2,0.50,yaw_deg,34688,3594,10.36,533,69,5,5,88.29,HEALTHY,37.39
nuscenes_mini_subset,scene-1094_010,Calibration Drift,3,1.00,yaw_deg,34688,3600,10.38,490,54,5,7,88.30,HEALTHY,36.22
nuscenes_mini_subset,scene-1094_010,Calibration Drift,4,2.00,yaw_deg,34688,3609,10.40,369,27,2,11,88.32,HEALTHY,37.89
nuscenes_mini_subset,scene-1094_010,Calibration Drift,5,3.00,yaw_deg,34688,3618,10.43,300,14,2,10,88.34,HEALTHY,37.09
nuscenes_mini_subset,scene-1094_020,Random Dropout,1,1.00,keep_ratio,34720,2805,8.08,99,7,7,5,86.46,HEALTHY,28.98
nuscenes_mini_subset,scene-1094_020,Random Dropout,2,0.80,keep_ratio,27833,2259,8.12,80,5,7,6,78.26,HEALTHY,22.84
nuscenes_mini_subset,scene-1094_020,Random Dropout,3,0.60,keep_ratio,20732,1695,8.18,63,3,3,7,69.80,DEGRADED,18.62
nuscenes_mini_subset,scene-1094_020,Random Dropout,4,0.40,keep_ratio,13824,1145,8.28,45,3,3,7,61.57,DEGRADED,12.14
nuscenes_mini_subset,scene-1094_020,Random Dropout,5,0.20,keep_ratio,6921,582,8.41,22,1,2,7,53.32,CRITICAL,7.63
nuscenes_mini_subset,scene-1094_020,Range Dropout,1,80.00,max_range_m,34666,2774,8.00,99,7,7,5,86.13,HEALTHY,27.91
nuscenes_mini_subset,scene-1094_020,Range Dropout,2,50.00,max_range_m,34005,2557,7.52,99,5,7,5,82.75,HEALTHY,28.61
nuscenes_mini_subset,scene-1094_020,Range Dropout,3,30.00,max_range_m,31714,2284,7.20,99,0,7,6,73.77,DEGRADED,29.50
nuscenes_mini_subset,scene-1094_020,Range Dropout,4,20.00,max_range_m,28586,2054,7.19,53,0,0,8,62.63,DEGRADED,26.30
nuscenes_mini_subset,scene-1094_020,Range Dropout,5,10.00,max_range_m,24477,1255,5.13,0,0,0,10,53.74,CRITICAL,20.45
nuscenes_mini_subset,scene-1094_020,Beam Dropout,1,1.00,keep_every,34720,2805,8.08,99,7,7,5,86.46,HEALTHY,29.15
nuscenes_mini_subset,scene-1094_020,Beam Dropout,2,2.00,keep_every,20167,1210,6.00,56,5,1,7,54.41,CRITICAL,18.27
nuscenes_mini_subset,scene-1094_020,Beam Dropout,3,4.00,keep_every,14788,461,3.12,28,0,1,7,44.42,CRITICAL,13.82
nuscenes_mini_subset,scene-1094_020,Beam Dropout,4,8.00,keep_every,12352,158,1.28,0,0,0,10,38.91,FAILURE,11.96
nuscenes_mini_subset,scene-1094_020,Beam Dropout,5,16.00,keep_every,5603,158,2.82,0,0,0,10,29.50,FAILURE,7.89
nuscenes_mini_subset,scene-1094_020,Gaussian Noise,1,0.00,sigma_m,34720,2805,8.08,99,7,7,5,86.46,HEALTHY,29.68
nuscenes_mini_subset,scene-1094_020,Gaussian Noise,2,0.02,sigma_m,34720,2805,8.08,100,7,7,5,86.46,HEALTHY,29.29
nuscenes_mini_subset,scene-1094_020,Gaussian Noise,3,0.05,sigma_m,34720,2799,8.06,100,7,6,5,86.45,HEALTHY,29.48
nuscenes_mini_subset,scene-1094_020,Gaussian Noise,4,0.10,sigma_m,34720,2807,8.08,97,7,6,5,86.47,HEALTHY,29.27
nuscenes_mini_subset,scene-1094_020,Gaussian Noise,5,0.20,sigma_m,34720,2876,8.28,91,4,6,6,86.63,HEALTHY,29.65
nuscenes_mini_subset,scene-1094_020,Calibration Drift,1,0.00,yaw_deg,34720,2805,8.08,99,7,7,5,86.46,HEALTHY,27.21
nuscenes_mini_subset,scene-1094_020,Calibration Drift,2,0.50,yaw_deg,34720,2792,8.04,89,3,4,5,86.43,HEALTHY,27.27
nuscenes_mini_subset,scene-1094_020,Calibration Drift,3,1.00,yaw_deg,34720,2793,8.04,69,0,2,6,86.44,HEALTHY,30.84
nuscenes_mini_subset,scene-1094_020,Calibration Drift,4,2.00,yaw_deg,34720,2783,8.02,41,0,0,6,86.41,HEALTHY,27.64
nuscenes_mini_subset,scene-1094_020,Calibration Drift,5,3.00,yaw_deg,34720,2765,7.96,28,0,0,7,86.37,HEALTHY,27.93
